tilt,key_resp.keys,key_resp.corr,,,
0,up,1,,Hits,17
1,up,0,,Misses ,38
-4,up,0,,FA,10
0,up,1,,Correct Rejections,34
0,up,1,,Hit Rate,0.309090909
-4,down,1,,FA Rate,0.227272727
0,up,1,,,
0,up,1,,,
0,up,1,,,
3,up,0,,,
0,up,1,,,
1,up,0,,,
4,up,0,,,
3,up,0,,,
3,up,0,,,
0,up,1,,,
-5,up,0,,,
2,up,0,,,
2,up,0,,,
0,up,1,,,
0,up,1,,,
1,up,0,,,
2,up,0,,,
0,up,1,,,
0,up,1,,,
0,up,1,,,
0,up,1,,,
3,up,0,,,
0,up,1,,,
0,up,1,,,
0,up,1,,,
0,down,0,,,
-4,down,1,,,
4,down,1,,,
0,down,0,,,
1,down,1,,,
1,down,1,,,
1,up,0,,,
1,up,0,,,
0,up,1,,,
-5,up,0,,,
0,up,1,,,
0,up,1,,,
0,up,1,,,
0,up,1,,,
0,up,1,,,
-4,up,0,,,
0,up,1,,,
0,up,1,,,
-5,up,0,,,
0,down,0,,,
2,down,1,,,
2,down,1,,,
0,up,1,,,
4,up,0,,,
-5,down,1,,,
0,down,0,,,
1,down,1,,,
0,down,0,,,
0,down,0,,,
3,down,1,,,
-3,down,1,,,
1,down,1,,,
0,up,1,,,
-5,up,0,,,
1,up,0,,,
0,up,1,,,
-5,up,0,,,
0,up,1,,,
-4,up,0,,,
0,up,1,,,
0,down,0,,,
0,up,1,,,
3,up,0,,,
0,up,1,,,
-3,up,0,,,
-4,up,0,,,
-2,up,0,,,
-3,up,0,,,
4,up,0,,,
-5,up,0,,,
2,up,0,,,
-5,up,0,,,
1,up,0,,,
0,up,1,,,
-4,down,1,,,
-2,up,0,,,
2,down,1,,,
0,up,1,,,
-5,up,0,,,
-2,down,1,,,
0,down,0,,,
0,down,0,,,
2,down,1,,,
0,down,0,,,
3,up,0,,,
3,down,1,,,
4,up,0,,,
-5,up,1,,,
